Participant,ius_1,ius_2,ius_3,ius_4,ius_5,ius_6,ius_7,ius_8,ius_9,ius_10,ius_11,ius_12,ius_13,ius_14,ius_15,ius_16,ius_17,ius_18,ius_19,ius_20,ius_21,ius_22,ius_23,ius_24,ius_25,ius_26,ius_27,sticsa_1,sticsa_2,sticsa_3,sticsa_4,sticsa_5,sticsa_6,sticsa_7,sticsa_8,sticsa_9,sticsa_10,sticsa_11,sticsa_12,sticsa_13,sticsa_14,sticsa_15,sticsa_16,sticsa_17,sticsa_18,sticsa_19,sticsa_20,sticsa_21
1,1.00,1.00,2.00,3.00,4.00,2.00,3.00,3.00,2.00,1.00,2.00,3.00,1.00,3.00,2.00,3.00,4.00,5.00,3.00,3.00,4.00,4.00,2.00,2.00,3.00,4.00,1.00,2.00,2.00,3.00,2.00,3.00,1.00,1.00,1.00,1.00,1.00,2.00,2.00,1.00,1.00,1.00,2.00,1.00,1.00,3.00,1.00,1.00
2,2.00,1.00,2.00,1.00,2.00,3.00,2.00,3.00,2.00,2.00,3.00,2.00,1.00,2.00,1.00,1.00,2.00,3.00,2.00,1.00,2.00,2.00,3.00,2.00,2.00,3.00,3.00,2.00,2.00,2.00,1.00,1.00,2.00,2.00,2.00,2.00,3.00,2.00,2.00,3.00,2.00,2.00,2.00,2.00,1.00,1.00,2.00,2.00
3,1.00,1.00,1.00,1.00,2.00,1.00,1.00,2.00,1.00,2.00,3.00,1.00,2.00,1.00,2.00,1.00,1.00,2.00,2.00,2.00,2.00,1.00,1.00,1.00,2.00,2.00,2.00,3.00,2.00,3.00,1.00,1.00,1.00,2.00,1.00,1.00,1.00,2.00,1.00,1.00,3.00,1.00,1.00,1.00,1.00,1.00,1.00,2.00
4,2.00,2.00,1.00,4.00,3.00,5.00,4.00,5.00,3.00,2.00,3.00,1.00,2.00,3.00,3.00,2.00,4.00,4.00,4.00,3.00,4.00,5.00,2.00,3.00,3.00,4.00,2.00,2.00,2.00,3.00,4.00,2.00,1.00,2.00,2.00,3.00,3.00,3.00,3.00,2.00,1.00,2.00,1.00,2.00,1.00,2.00,2.00,3.00
5,3.00,2.00,2.00,2.00,1.00,2.00,2.00,2.00,2.00,2.00,1.00,1.00,1.00,1.00,2.00,2.00,2.00,2.00,2.00,2.00,2.00,2.00,1.00,2.00,2.00,2.00,2.00,2.00,2.00,2.00,2.00,1.00,1.00,1.00,1.00,1.00,3.00,2.00,1.00,1.00,2.00,2.00,1.00,2.00,2.00,3.00,2.00,1.00
6,1.00,2.00,3.00,2.00,2.00,2.00,2.00,3.00,3.00,2.00,2.00,1.00,1.00,1.00,2.00,3.00,2.00,1.00,1.00,1.00,3.00,3.00,1.00,3.00,2.00,2.00,3.00,2.00,1.00,2.00,3.00,2.00,1.00,1.00,1.00,3.00,4.00,2.00,1.00,1.00,1.00,1.00,2.00,3.00,1.00,3.00,1.00,1.00
7,4.00,2.00,3.00,2.00,1.00,5.00,3.00,3.00,1.00,2.00,1.00,2.00,2.00,2.00,3.00,2.00,3.00,2.00,4.00,2.00,1.00,3.00,1.00,5.00,4.00,4.00,3.00,3.00,2.00,3.00,3.00,3.00,1.00,1.00,2.00,2.00,4.00,3.00,2.00,3.00,1.00,1.00,4.00,2.00,2.00,4.00,1.00,2.00
8,3.00,3.00,2.00,2.00,2.00,2.00,2.00,4.00,1.00,2.00,2.00,1.00,1.00,1.00,1.00,3.00,2.00,2.00,3.00,1.00,3.00,3.00,2.00,2.00,3.00,2.00,2.00,1.00,2.00,1.00,2.00,1.00,1.00,1.00,1.00,1.00,2.00,2.00,1.00,1.00,2.00,2.00,1.00,3.00,1.00,2.00,1.00,1.00
9,4.00,3.00,4.00,4.00,3.00,3.00,2.00,4.00,2.00,5.00,3.00,1.00,1.00,1.00,3.00,3.00,2.00,4.00,3.00,1.00,3.00,2.00,1.00,1.00,2.00,2.00,3.00,2.00,2.00,2.00,1.00,3.00,1.00,1.00,2.00,1.00,3.00,2.00,3.00,1.00,1.00,2.00,4.00,3.00,1.00,3.00,2.00,1.00
10,5.00,3.00,4.00,4.00,3.00,4.00,3.00,4.00,4.00,3.00,4.00,3.00,3.00,3.00,4.00,4.00,4.00,3.00,2.00,3.00,4.00,5.00,3.00,5.00,3.00,3.00,4.00,1.00,2.00,3.00,4.00,3.00,1.00,1.00,1.00,3.00,3.00,4.00,1.00,4.00,1.00,1.00,3.00,3.00,1.00,1.00,1.00,1.00
11,2.00,1.00,1.00,2.00,1.00,1.00,1.00,1.00,1.00,2.00,3.00,2.00,1.00,2.00,2.00,2.00,1.00,2.00,1.00,1.00,3.00,1.00,2.00,1.00,1.00,2.00,2.00,1.00,1.00,1.00,1.00,1.00,1.00,1.00,1.00,2.00,2.00,2.00,1.00,2.00,1.00,1.00,1.00,2.00,1.00,1.00,1.00,1.00
12,4.00,1.00,1.00,2.00,1.00,1.00,1.00,1.00,1.00,3.00,1.00,1.00,1.00,1.00,1.00,3.00,1.00,4.00,1.00,1.00,1.00,1.00,1.00,1.00,1.00,1.00,4.00,1.00,2.00,3.00,1.00,2.00,1.00,1.00,1.00,3.00,2.00,1.00,2.00,1.00,1.00,2.00,1.00,3.00,1.00,2.00,1.00,2.00
13,2.00,1.00,2.00,4.00,2.00,3.00,1.00,3.00,4.00,2.00,2.00,3.00,2.00,1.00,2.00,1.00,2.00,3.00,4.00,2.00,3.00,2.00,4.00,3.00,2.00,2.00,3.00,1.00,4.00,2.00,2.00,2.00,1.00,2.00,1.00,2.00,2.00,1.00,1.00,2.00,1.00,2.00,3.00,2.00,3.00,2.00,2.00,1.00
14,2.00,2.00,1.00,3.00,3.00,3.00,4.00,4.00,2.00,4.00,2.00,2.00,3.00,2.00,3.00,2.00,3.00,4.00,4.00,2.00,3.00,4.00,2.00,4.00,4.00,3.00,4.00,2.00,3.00,3.00,4.00,2.00,1.00,2.00,1.00,1.00,3.00,3.00,1.00,1.00,1.00,1.00,2.00,1.00,1.00,3.00,2.00,2.00
15,2.00,1.00,1.00,2.00,2.00,4.00,3.00,3.00,3.00,3.00,3.00,2.00,2.00,3.00,4.00,2.00,3.00,4.00,4.00,2.00,4.00,2.00,2.00,4.00,3.00,4.00,3.00,2.00,2.00,2.00,3.00,3.00,2.00,3.00,2.00,3.00,3.00,4.00,3.00,3.00,2.00,4.00,3.00,4.00,1.00,2.00,2.00,2.00
16,1.00,2.00,2.00,1.00,1.00,1.00,1.00,2.00,1.00,2.00,1.00,1.00,1.00,1.00,1.00,1.00,1.00,2.00,1.00,1.00,1.00,1.00,1.00,1.00,1.00,1.00,1.00,2.00,2.00,1.00,1.00,1.00,1.00,1.00,1.00,1.00,2.00,2.00,1.00,1.00,1.00,1.00,1.00,1.00,1.00,1.00,1.00,2.00
17,1.00,4.00,4.00,2.00,3.00,4.00,4.00,4.00,2.00,5.00,4.00,2.00,4.00,4.00,5.00,1.00,3.00,2.00,2.00,2.00,5.00,4.00,1.00,3.00,2.00,2.00,4.00,1.00,1.00,2.00,1.00,1.00,2.00,2.00,2.00,2.00,3.00,2.00,1.00,2.00,1.00,1.00,1.00,3.00,1.00,2.00,1.00,1.00
18,3.00,1.00,2.00,1.00,3.00,3.00,5.00,3.00,1.00,2.00,1.00,2.00,1.00,1.00,2.00,1.00,2.00,2.00,1.00,2.00,3.00,1.00,1.00,3.00,1.00,2.00,3.00,3.00,3.00,2.00,2.00,1.00,1.00,4.00,3.00,2.00,4.00,2.00,3.00,2.00,2.00,2.00,4.00,2.00,1.00,2.00,1.00,1.00
19,1.00,1.00,1.00,2.00,2.00,2.00,1.00,3.00,1.00,3.00,1.00,1.00,1.00,1.00,1.00,1.00,1.00,2.00,1.00,1.00,3.00,2.00,2.00,2.00,2.00,1.00,2.00,2.00,2.00,3.00,1.00,1.00,1.00,2.00,1.00,1.00,2.00,1.00,1.00,2.00,2.00,1.00,2.00,2.00,1.00,1.00,1.00,1.00
20,4.00,4.00,5.00,1.00,3.00,3.00,3.00,3.00,3.00,2.00,4.00,3.00,1.00,3.00,3.00,4.00,4.00,2.00,1.00,4.00,2.00,4.00,1.00,3.00,3.00,3.00,4.00,3.00,3.00,4.00,3.00,4.00,1.00,1.00,2.00,3.00,4.00,4.00,1.00,3.00,1.00,1.00,3.00,4.00,2.00,4.00,1.00,1.00
21,2.00,4.00,2.00,4.00,3.00,3.00,4.00,5.00,2.00,3.00,3.00,2.00,2.00,2.00,3.00,3.00,2.00,3.00,2.00,1.00,4.00,2.00,2.00,5.00,4.00,4.00,4.00,2.00,2.00,4.00,4.00,3.00,2.00,3.00,2.00,4.00,4.00,1.00,1.00,3.00,1.00,3.00,3.00,4.00,1.00,4.00,2.00,1.00
22,2.00,2.00,1.00,1.00,4.00,3.00,3.00,2.00,3.00,3.00,2.00,4.00,2.00,3.00,3.00,4.00,3.00,2.00,3.00,4.00,4.00,4.00,2.00,2.00,3.00,3.00,2.00,2.00,2.00,2.00,3.00,1.00,1.00,2.00,3.00,2.00,4.00,3.00,3.00,2.00,3.00,1.00,2.00,4.00,2.00,3.00,3.00,2.00
23,5.00,1.00,5.00,5.00,5.00,5.00,5.00,5.00,5.00,3.00,5.00,5.00,5.00,4.00,5.00,5.00,5.00,5.00,5.00,5.00,5.00,5.00,2.00,5.00,5.00,5.00,5.00,4.00,3.00,4.00,4.00,2.00,2.00,4.00,3.00,4.00,4.00,3.00,3.00,4.00,3.00,3.00,1.00,4.00,3.00,4.00,3.00,3.00
24,2.00,1.00,2.00,1.00,2.00,2.00,2.00,2.00,2.00,3.00,1.00,2.00,3.00,2.00,2.00,2.00,2.00,2.00,1.00,1.00,5.00,3.00,1.00,5.00,2.00,3.00,2.00,3.00,2.00,3.00,4.00,3.00,1.00,2.00,3.00,4.00,3.00,2.00,1.00,3.00,1.00,2.00,1.00,3.00,2.00,3.00,2.00,3.00
25,3.00,2.00,4.00,2.00,5.00,4.00,2.00,2.00,2.00,3.00,2.00,3.00,2.00,2.00,4.00,2.00,2.00,4.00,3.00,2.00,1.00,3.00,2.00,3.00,3.00,4.00,3.00,3.00,2.00,3.00,3.00,2.00,3.00,2.00,3.00,2.00,3.00,2.00,2.00,2.00,1.00,2.00,1.00,2.00,2.00,3.00,1.00,2.00
26,2.00,1.00,1.00,2.00,3.00,3.00,2.00,3.00,2.00,1.00,2.00,2.00,1.00,2.00,3.00,1.00,2.00,1.00,3.00,2.00,2.00,4.00,2.00,4.00,1.00,3.00,2.00,2.00,2.00,3.00,2.00,1.00,3.00,2.00,2.00,2.00,4.00,4.00,2.00,2.00,2.00,2.00,4.00,3.00,4.00,4.00,3.00,2.00
27,2.00,2.00,3.00,2.00,1.00,3.00,4.00,4.00,2.00,3.00,2.00,2.00,2.00,3.00,4.00,2.00,3.00,4.00,5.00,3.00,3.00,2.00,2.00,4.00,4.00,3.00,4.00,3.00,4.00,1.00,2.00,2.00,2.00,3.00,2.00,1.00,1.00,2.00,2.00,2.00,2.00,3.00,1.00,2.00,1.00,1.00,1.00,2.00
28,2.00,3.00,1.00,3.00,2.00,5.00,3.00,5.00,3.00,3.00,3.00,2.00,2.00,3.00,3.00,1.00,2.00,3.00,1.00,3.00,5.00,2.00,1.00,4.00,4.00,2.00,4.00,2.00,1.00,2.00,2.00,3.00,1.00,1.00,1.00,1.00,2.00,2.00,1.00,2.00,1.00,2.00,2.00,2.00,1.00,4.00,3.00,1.00
29,2.00,1.00,1.00,4.00,1.00,3.00,2.00,3.00,1.00,2.00,2.00,1.00,1.00,3.00,1.00,1.00,1.00,4.00,2.00,1.00,5.00,1.00,1.00,3.00,1.00,3.00,5.00,2.00,3.00,2.00,1.00,1.00,3.00,2.00,2.00,1.00,3.00,2.00,3.00,1.00,1.00,1.00,4.00,3.00,2.00,2.00,1.00,1.00
30,4.00,3.00,3.00,3.00,4.00,4.00,2.00,4.00,4.00,3.00,3.00,2.00,3.00,3.00,4.00,4.00,3.00,3.00,2.00,2.00,3.00,4.00,3.00,3.00,2.00,4.00,4.00,3.00,3.00,3.00,3.00,2.00,2.00,1.00,1.00,2.00,3.00,2.00,1.00,3.00,2.00,3.00,2.00,3.00,2.00,4.00,2.00,1.00
31,3.00,2.00,2.00,3.00,2.00,3.00,2.00,3.00,2.00,3.00,2.00,1.00,2.00,2.00,2.00,3.00,2.00,3.00,2.00,1.00,2.00,2.00,1.00,2.00,1.00,3.00,3.00,2.00,1.00,2.00,2.00,2.00,1.00,1.00,2.00,3.00,3.00,1.00,2.00,2.00,1.00,2.00,3.00,2.00,1.00,2.00,1.00,3.00
32,2.00,3.00,4.00,2.00,2.00,3.00,4.00,4.00,2.00,4.00,4.00,1.00,4.00,3.00,4.00,2.00,2.00,5.00,4.00,2.00,5.00,4.00,2.00,2.00,2.00,3.00,1.00,1.00,1.00,1.00,2.00,1.00,2.00,1.00,1.00,2.00,2.00,2.00,1.00,2.00,1.00,2.00,1.00,2.00,1.00,2.00,2.00,1.00
33,4.00,2.00,3.00,2.00,2.00,4.00,3.00,3.00,4.00,2.00,3.00,3.00,3.00,3.00,3.00,3.00,2.00,5.00,3.00,2.00,3.00,2.00,4.00,2.00,3.00,3.00,3.00,3.00,2.00,2.00,3.00,3.00,2.00,3.00,2.00,4.00,3.00,2.00,4.00,3.00,3.00,1.00,2.00,2.00,3.00,3.00,2.00,2.00
34,3.00,1.00,1.00,1.00,3.00,4.00,3.00,5.00,4.00,5.00,5.00,2.00,4.00,3.00,4.00,5.00,3.00,3.00,3.00,3.00,4.00,5.00,1.00,4.00,4.00,3.00,2.00,3.00,2.00,4.00,4.00,4.00,2.00,1.00,2.00,4.00,4.00,1.00,2.00,4.00,1.00,2.00,3.00,3.00,3.00,4.00,2.00,2.00
35,3.00,1.00,2.00,3.00,1.00,2.00,1.00,3.00,1.00,2.00,1.00,2.00,1.00,1.00,1.00,4.00,2.00,2.00,2.00,1.00,3.00,3.00,2.00,2.00,1.00,3.00,2.00,3.00,2.00,2.00,2.00,1.00,1.00,1.00,1.00,2.00,3.00,1.00,2.00,1.00,1.00,1.00,3.00,2.00,1.00,2.00,1.00,2.00
36,1.00,1.00,2.00,1.00,2.00,2.00,1.00,2.00,1.00,4.00,1.00,2.00,1.00,2.00,1.00,1.00,1.00,3.00,2.00,2.00,3.00,1.00,2.00,4.00,2.00,2.00,2.00,4.00,4.00,2.00,2.00,1.00,1.00,2.00,1.00,1.00,3.00,1.00,1.00,1.00,1.00,1.00,3.00,2.00,1.00,1.00,2.00,2.00
37,3.00,2.00,1.00,4.00,4.00,3.00,4.00,2.00,2.00,3.00,4.00,2.00,2.00,2.00,2.00,3.00,3.00,5.00,3.00,2.00,2.00,1.00,2.00,4.00,2.00,3.00,4.00,3.00,2.00,4.00,3.00,2.00,1.00,1.00,1.00,3.00,3.00,2.00,1.00,2.00,1.00,1.00,3.00,4.00,2.00,2.00,1.00,1.00
38,2.00,1.00,1.00,1.00,2.00,2.00,2.00,2.00,1.00,2.00,2.00,3.00,3.00,2.00,2.00,1.00,2.00,2.00,1.00,1.00,1.00,1.00,1.00,2.00,2.00,2.00,2.00,1.00,2.00,2.00,2.00,2.00,1.00,1.00,1.00,1.00,1.00,1.00,1.00,2.00,1.00,1.00,2.00,2.00,1.00,2.00,1.00,1.00
39,4.00,2.00,2.00,1.00,1.00,2.00,2.00,5.00,2.00,3.00,3.00,1.00,3.00,2.00,2.00,4.00,2.00,1.00,1.00,1.00,4.00,2.00,2.00,1.00,1.00,1.00,2.00,1.00,2.00,3.00,1.00,1.00,1.00,1.00,1.00,3.00,2.00,1.00,2.00,2.00,1.00,1.00,2.00,3.00,1.00,2.00,1.00,3.00
40,3.00,2.00,3.00,1.00,2.00,4.00,3.00,4.00,1.00,2.00,1.00,2.00,1.00,1.00,2.00,3.00,2.00,5.00,2.00,1.00,5.00,1.00,3.00,3.00,2.00,1.00,2.00,3.00,3.00,2.00,2.00,1.00,1.00,1.00,2.00,3.00,4.00,2.00,3.00,3.00,1.00,1.00,4.00,2.00,3.00,3.00,1.00,2.00
41,2.00,1.00,2.00,1.00,5.00,4.00,3.00,5.00,2.00,4.00,2.00,2.00,2.00,3.00,3.00,4.00,3.00,4.00,5.00,2.00,5.00,2.00,1.00,4.00,2.00,2.00,2.00,2.00,3.00,3.00,4.00,2.00,4.00,2.00,2.00,2.00,3.00,2.00,2.00,3.00,2.00,3.00,1.00,3.00,2.00,4.00,3.00,2.00
42,3.00,2.00,2.00,1.00,2.00,2.00,3.00,4.00,2.00,2.00,2.00,1.00,2.00,3.00,4.00,2.00,2.00,4.00,2.00,2.00,3.00,1.00,2.00,4.00,3.00,3.00,2.00,2.00,2.00,3.00,3.00,1.00,1.00,1.00,1.00,2.00,4.00,1.00,2.00,3.00,1.00,1.00,2.00,2.00,1.00,3.00,2.00,1.00
43,2.00,1.00,1.00,1.00,2.00,3.00,3.00,4.00,1.00,2.00,4.00,2.00,1.00,2.00,2.00,4.00,2.00,3.00,2.00,3.00,4.00,4.00,1.00,5.00,3.00,3.00,3.00,2.00,3.00,2.00,2.00,3.00,2.00,2.00,1.00,1.00,3.00,1.00,1.00,1.00,1.00,2.00,3.00,2.00,1.00,2.00,1.00,3.00
44,2.00,1.00,2.00,3.00,2.00,2.00,2.00,2.00,2.00,2.00,4.00,3.00,2.00,3.00,3.00,1.00,3.00,5.00,2.00,1.00,5.00,2.00,2.00,2.00,1.00,1.00,5.00,2.00,3.00,1.00,1.00,3.00,1.00,2.00,2.00,1.00,1.00,2.00,1.00,1.00,1.00,2.00,4.00,3.00,2.00,1.00,1.00,1.00
45,3.00,2.00,1.00,4.00,1.00,4.00,1.00,3.00,4.00,1.00,2.00,1.00,2.00,3.00,2.00,5.00,2.00,3.00,1.00,2.00,3.00,3.00,1.00,4.00,2.00,1.00,2.00,1.00,2.00,2.00,1.00,3.00,1.00,1.00,1.00,1.00,2.00,3.00,1.00,2.00,1.00,1.00,1.00,3.00,1.00,2.00,1.00,3.00
46,4.00,3.00,3.00,4.00,3.00,3.00,4.00,4.00,3.00,2.00,3.00,3.00,2.00,3.00,3.00,4.00,4.00,4.00,3.00,3.00,5.00,2.00,2.00,2.00,3.00,2.00,4.00,2.00,1.00,3.00,3.00,3.00,2.00,2.00,2.00,3.00,3.00,1.00,2.00,3.00,1.00,2.00,4.00,3.00,2.00,2.00,2.00,2.00
47,3.00,1.00,2.00,2.00,1.00,2.00,1.00,2.00,1.00,3.00,2.00,1.00,1.00,1.00,2.00,2.00,2.00,1.00,1.00,1.00,1.00,2.00,2.00,2.00,1.00,2.00,1.00,3.00,2.00,2.00,2.00,3.00,2.00,2.00,1.00,3.00,3.00,2.00,1.00,1.00,1.00,1.00,2.00,2.00,1.00,3.00,2.00,2.00
48,5.00,3.00,4.00,4.00,2.00,3.00,2.00,3.00,2.00,4.00,5.00,3.00,1.00,3.00,3.00,1.00,2.00,4.00,2.00,2.00,4.00,1.00,1.00,2.00,2.00,2.00,4.00,2.00,3.00,2.00,1.00,3.00,1.00,1.00,1.00,2.00,3.00,4.00,1.00,3.00,2.00,1.00,3.00,1.00,1.00,1.00,2.00,1.00
49,1.00,1.00,2.00,1.00,3.00,3.00,2.00,4.00,2.00,3.00,4.00,2.00,2.00,2.00,1.00,1.00,2.00,3.00,3.00,2.00,3.00,3.00,1.00,2.00,2.00,2.00,3.00,3.00,3.00,2.00,3.00,2.00,3.00,4.00,2.00,2.00,2.00,3.00,2.00,2.00,2.00,3.00,2.00,3.00,2.00,4.00,2.00,2.00
50,5.00,1.00,1.00,1.00,2.00,2.00,2.00,4.00,1.00,2.00,2.00,1.00,1.00,1.00,1.00,1.00,1.00,2.00,2.00,1.00,2.00,2.00,1.00,1.00,2.00,1.00,2.00,2.00,3.00,1.00,1.00,2.00,2.00,1.00,1.00,1.00,3.00,1.00,1.00,1.00,1.00,1.00,2.00,2.00,1.00,2.00,1.00,1.00
51,3.00,1.00,3.00,1.00,1.00,2.00,2.00,1.00,1.00,3.00,3.00,2.00,1.00,1.00,2.00,1.00,2.00,1.00,4.00,1.00,3.00,2.00,1.00,2.00,3.00,1.00,3.00,2.00,2.00,2.00,1.00,1.00,1.00,1.00,1.00,1.00,1.00,1.00,2.00,1.00,1.00,1.00,2.00,2.00,1.00,1.00,1.00,2.00
52,2.00,1.00,3.00,3.00,3.00,4.00,3.00,3.00,1.00,3.00,2.00,2.00,1.00,2.00,4.00,3.00,4.00,2.00,4.00,2.00,3.00,2.00,3.00,4.00,2.00,4.00,3.00,2.00,1.00,2.00,1.00,1.00,1.00,2.00,2.00,1.00,2.00,1.00,1.00,1.00,1.00,2.00,2.00,2.00,1.00,1.00,1.00,2.00
53,2.00,1.00,1.00,1.00,2.00,2.00,2.00,4.00,1.00,2.00,2.00,1.00,1.00,1.00,1.00,1.00,1.00,2.00,2.00,1.00,4.00,1.00,1.00,2.00,1.00,1.00,2.00,1.00,3.00,2.00,1.00,1.00,1.00,2.00,1.00,1.00,1.00,1.00,2.00,1.00,1.00,1.00,1.00,1.00,1.00,1.00,1.00,2.00
54,2.00,1.00,1.00,2.00,2.00,2.00,2.00,2.00,3.00,3.00,2.00,1.00,2.00,2.00,1.00,1.00,1.00,2.00,3.00,1.00,3.00,1.00,1.00,2.00,2.00,2.00,2.00,2.00,2.00,2.00,1.00,2.00,1.00,1.00,1.00,2.00,2.00,3.00,2.00,2.00,1.00,1.00,3.00,2.00,1.00,2.00,2.00,2.00
55,3.00,1.00,2.00,1.00,2.00,3.00,2.00,2.00,2.00,2.00,2.00,2.00,2.00,2.00,2.00,1.00,2.00,2.00,2.00,3.00,4.00,4.00,1.00,2.00,2.00,2.00,2.00,1.00,1.00,2.00,2.00,2.00,1.00,1.00,1.00,2.00,3.00,2.00,1.00,2.00,1.00,1.00,2.00,2.00,1.00,2.00,1.00,1.00
56,4.00,2.00,4.00,3.00,4.00,5.00,3.00,4.00,3.00,3.00,2.00,4.00,3.00,4.00,4.00,4.00,3.00,2.00,2.00,3.00,4.00,3.00,2.00,3.00,5.00,4.00,3.00,2.00,4.00,3.00,3.00,4.00,2.00,1.00,1.00,3.00,4.00,1.00,2.00,3.00,1.00,3.00,4.00,2.00,1.00,3.00,1.00,1.00
57,1.00,1.00,2.00,2.00,1.00,2.00,2.00,2.00,1.00,1.00,2.00,1.00,1.00,1.00,1.00,1.00,1.00,1.00,2.00,1.00,1.00,1.00,1.00,1.00,1.00,1.00,1.00,1.00,1.00,2.00,2.00,1.00,1.00,1.00,1.00,2.00,2.00,1.00,1.00,1.00,1.00,1.00,1.00,1.00,1.00,2.00,1.00,1.00
58,2.00,2.00,2.00,3.00,2.00,3.00,3.00,4.00,3.00,4.00,2.00,1.00,1.00,2.00,2.00,3.00,2.00,4.00,2.00,2.00,3.00,4.00,2.00,3.00,2.00,4.00,5.00,1.00,2.00,2.00,2.00,3.00,1.00,1.00,1.00,2.00,3.00,2.00,1.00,2.00,1.00,1.00,2.00,2.00,1.00,2.00,1.00,1.00
59,2.00,2.00,2.00,1.00,2.00,2.00,2.00,3.00,2.00,3.00,2.00,1.00,2.00,2.00,2.00,2.00,3.00,2.00,2.00,1.00,2.00,2.00,1.00,2.00,2.00,2.00,2.00,2.00,2.00,3.00,2.00,2.00,1.00,1.00,1.00,2.00,2.00,2.00,2.00,2.00,1.00,1.00,1.00,1.00,1.00,1.00,1.00,2.00
60,3.00,2.00,2.00,1.00,2.00,3.00,2.00,4.00,2.00,2.00,2.00,2.00,1.00,2.00,2.00,3.00,2.00,4.00,5.00,4.00,2.00,2.00,1.00,2.00,2.00,3.00,3.00,3.00,2.00,3.00,3.00,2.00,1.00,1.00,2.00,2.00,3.00,3.00,2.00,3.00,1.00,2.00,2.00,2.00,2.00,2.00,2.00,1.00
61,2.00,1.00,1.00,2.00,2.00,3.00,2.00,2.00,1.00,1.00,1.00,1.00,2.00,1.00,1.00,3.00,2.00,4.00,2.00,2.00,3.00,2.00,3.00,1.00,1.00,2.00,3.00,2.00,1.00,2.00,3.00,4.00,1.00,1.00,2.00,2.00,3.00,1.00,2.00,3.00,1.00,2.00,2.00,1.00,1.00,3.00,2.00,2.00
62,1.00,2.00,3.00,4.00,2.00,4.00,3.00,2.00,3.00,2.00,1.00,2.00,2.00,2.00,3.00,3.00,2.00,3.00,2.00,4.00,3.00,2.00,3.00,4.00,3.00,3.00,3.00,2.00,2.00,3.00,2.00,1.00,2.00,2.00,3.00,2.00,2.00,4.00,2.00,2.00,1.00,2.00,2.00,2.00,1.00,1.00,2.00,2.00
63,2.00,1.00,1.00,2.00,2.00,3.00,2.00,1.00,2.00,4.00,1.00,1.00,1.00,2.00,2.00,4.00,2.00,3.00,1.00,2.00,2.00,2.00,1.00,4.00,1.00,1.00,3.00,3.00,2.00,2.00,2.00,1.00,2.00,1.00,1.00,3.00,2.00,3.00,2.00,2.00,1.00,1.00,1.00,2.00,2.00,2.00,2.00,2.00
64,2.00,1.00,3.00,3.00,4.00,4.00,3.00,4.00,2.00,5.00,3.00,2.00,5.00,3.00,4.00,1.00,2.00,3.00,3.00,2.00,5.00,5.00,1.00,1.00,3.00,4.00,3.00,3.00,2.00,1.00,2.00,2.00,1.00,1.00,3.00,2.00,2.00,1.00,2.00,2.00,1.00,1.00,1.00,3.00,1.00,3.00,3.00,2.00
65,4.00,3.00,2.00,2.00,3.00,4.00,4.00,4.00,2.00,4.00,4.00,4.00,2.00,2.00,2.00,2.00,1.00,4.00,4.00,2.00,5.00,1.00,1.00,2.00,3.00,2.00,4.00,3.00,2.00,2.00,1.00,1.00,1.00,2.00,1.00,3.00,3.00,1.00,1.00,2.00,1.00,1.00,2.00,1.00,1.00,2.00,1.00,1.00
66,1.00,1.00,3.00,2.00,2.00,2.00,2.00,4.00,2.00,3.00,2.00,1.00,1.00,1.00,1.00,1.00,2.00,2.00,2.00,1.00,2.00,2.00,1.00,1.00,1.00,1.00,1.00,1.00,2.00,2.00,2.00,1.00,1.00,1.00,1.00,2.00,3.00,3.00,1.00,2.00,1.00,2.00,2.00,2.00,1.00,2.00,1.00,1.00
67,3.00,2.00,1.00,1.00,1.00,1.00,2.00,1.00,1.00,2.00,1.00,2.00,2.00,2.00,2.00,3.00,1.00,1.00,1.00,1.00,1.00,2.00,1.00,1.00,1.00,1.00,2.00,2.00,1.00,1.00,2.00,3.00,1.00,1.00,1.00,1.00,2.00,2.00,1.00,1.00,1.00,1.00,1.00,2.00,1.00,2.00,1.00,1.00
68,2.00,1.00,1.00,1.00,2.00,1.00,2.00,2.00,1.00,1.00,2.00,1.00,1.00,1.00,2.00,1.00,1.00,1.00,1.00,1.00,2.00,1.00,1.00,1.00,1.00,1.00,1.00,1.00,1.00,1.00,1.00,1.00,1.00,1.00,1.00,2.00,1.00,1.00,1.00,2.00,1.00,1.00,2.00,2.00,1.00,2.00,1.00,1.00
69,2.00,1.00,1.00,2.00,1.00,2.00,1.00,1.00,1.00,2.00,2.00,2.00,1.00,2.00,1.00,2.00,1.00,1.00,1.00,2.00,2.00,1.00,1.00,2.00,1.00,1.00,2.00,2.00,2.00,2.00,2.00,2.00,1.00,2.00,1.00,3.00,2.00,2.00,1.00,3.00,1.00,2.00,2.00,3.00,2.00,3.00,1.00,1.00
70,2.00,2.00,3.00,3.00,1.00,2.00,2.00,2.00,1.00,1.00,2.00,2.00,1.00,1.00,2.00,1.00,2.00,4.00,1.00,1.00,4.00,1.00,1.00,1.00,3.00,3.00,2.00,1.00,2.00,2.00,2.00,2.00,1.00,1.00,1.00,1.00,2.00,1.00,1.00,2.00,1.00,1.00,1.00,1.00,1.00,1.00,1.00,1.00
71,3.00,4.00,3.00,3.00,4.00,5.00,2.00,5.00,3.00,3.00,4.00,1.00,1.00,1.00,2.00,4.00,2.00,4.00,3.00,2.00,4.00,2.00,2.00,2.00,3.00,3.00,3.00,2.00,1.00,2.00,2.00,4.00,1.00,1.00,1.00,1.00,3.00,2.00,1.00,4.00,1.00,2.00,4.00,3.00,1.00,4.00,3.00,2.00
72,3.00,2.00,4.00,2.00,3.00,5.00,4.00,5.00,5.00,3.00,4.00,4.00,4.00,3.00,5.00,3.00,5.00,4.00,4.00,4.00,4.00,5.00,1.00,3.00,4.00,5.00,3.00,2.00,2.00,4.00,3.00,2.00,1.00,1.00,1.00,4.00,4.00,3.00,1.00,3.00,1.00,3.00,4.00,4.00,1.00,4.00,3.00,1.00
73,3.00,1.00,2.00,3.00,2.00,3.00,2.00,2.00,2.00,2.00,3.00,2.00,2.00,1.00,1.00,2.00,2.00,3.00,5.00,2.00,4.00,4.00,2.00,3.00,2.00,4.00,4.00,1.00,2.00,2.00,2.00,2.00,1.00,1.00,1.00,3.00,2.00,2.00,1.00,3.00,1.00,1.00,2.00,1.00,1.00,1.00,1.00,1.00
74,4.00,3.00,2.00,1.00,1.00,3.00,2.00,2.00,2.00,2.00,3.00,3.00,1.00,1.00,2.00,4.00,2.00,2.00,1.00,4.00,2.00,3.00,4.00,4.00,3.00,2.00,2.00,2.00,2.00,3.00,3.00,2.00,1.00,1.00,2.00,4.00,4.00,3.00,2.00,3.00,1.00,1.00,2.00,3.00,1.00,2.00,4.00,4.00
75,3.00,1.00,2.00,2.00,2.00,3.00,2.00,1.00,1.00,2.00,2.00,3.00,1.00,2.00,2.00,2.00,2.00,2.00,3.00,2.00,3.00,2.00,2.00,4.00,2.00,2.00,2.00,3.00,2.00,1.00,1.00,2.00,1.00,1.00,1.00,2.00,2.00,2.00,2.00,1.00,1.00,1.00,1.00,2.00,2.00,2.00,3.00,2.00
76,3.00,1.00,1.00,1.00,1.00,2.00,1.00,2.00,1.00,3.00,3.00,2.00,1.00,1.00,1.00,1.00,1.00,1.00,1.00,1.00,1.00,2.00,1.00,1.00,1.00,1.00,1.00,1.00,1.00,1.00,2.00,1.00,1.00,1.00,1.00,1.00,3.00,2.00,1.00,1.00,1.00,2.00,1.00,2.00,1.00,2.00,2.00,1.00
77,4.00,1.00,3.00,4.00,5.00,5.00,4.00,5.00,5.00,4.00,4.00,3.00,3.00,3.00,4.00,4.00,4.00,4.00,3.00,4.00,5.00,5.00,4.00,5.00,3.00,4.00,3.00,2.00,2.00,2.00,3.00,2.00,1.00,1.00,2.00,3.00,3.00,1.00,3.00,3.00,1.00,2.00,2.00,2.00,2.00,3.00,3.00,2.00
78,1.00,3.00,3.00,2.00,3.00,4.00,2.00,2.00,2.00,2.00,2.00,1.00,2.00,2.00,2.00,1.00,2.00,2.00,2.00,2.00,2.00,2.00,2.00,3.00,2.00,3.00,3.00,1.00,3.00,2.00,3.00,2.00,1.00,2.00,1.00,3.00,3.00,2.00,2.00,2.00,2.00,1.00,3.00,2.00,2.00,3.00,1.00,1.00
79,4.00,3.00,4.00,4.00,5.00,5.00,4.00,5.00,4.00,4.00,5.00,3.00,4.00,3.00,5.00,4.00,4.00,5.00,3.00,3.00,4.00,5.00,5.00,5.00,5.00,5.00,4.00,2.00,3.00,3.00,2.00,2.00,1.00,2.00,2.00,2.00,2.00,2.00,3.00,2.00,2.00,2.00,2.00,4.00,2.00,2.00,1.00,1.00
80,3.00,1.00,4.00,4.00,4.00,4.00,3.00,4.00,3.00,5.00,2.00,2.00,3.00,5.00,4.00,1.00,4.00,4.00,4.00,4.00,4.00,3.00,3.00,1.00,3.00,2.00,4.00,1.00,1.00,4.00,3.00,2.00,1.00,1.00,1.00,3.00,4.00,2.00,1.00,3.00,1.00,1.00,4.00,3.00,1.00,3.00,1.00,1.00
81,4.00,1.00,3.00,5.00,5.00,5.00,4.00,5.00,4.00,5.00,4.00,4.00,5.00,4.00,5.00,4.00,5.00,5.00,5.00,4.00,5.00,4.00,4.00,5.00,5.00,4.00,4.00,3.00,4.00,4.00,4.00,3.00,4.00,2.00,2.00,1.00,3.00,1.00,4.00,3.00,2.00,2.00,2.00,2.00,3.00,3.00,2.00,3.00
82,5.00,1.00,2.00,3.00,2.00,3.00,2.00,5.00,3.00,5.00,2.00,3.00,2.00,2.00,3.00,5.00,3.00,5.00,3.00,1.00,2.00,4.00,5.00,5.00,2.00,4.00,4.00,1.00,3.00,3.00,2.00,3.00,3.00,2.00,3.00,3.00,4.00,4.00,2.00,3.00,1.00,2.00,2.00,2.00,1.00,3.00,2.00,3.00
83,2.00,1.00,2.00,1.00,1.00,2.00,1.00,1.00,1.00,1.00,1.00,1.00,1.00,1.00,1.00,2.00,1.00,2.00,1.00,1.00,1.00,1.00,1.00,2.00,1.00,1.00,1.00,2.00,2.00,3.00,1.00,1.00,1.00,1.00,1.00,2.00,1.00,1.00,1.00,1.00,1.00,1.00,2.00,2.00,2.00,2.00,1.00,1.00
84,1.00,1.00,1.00,1.00,2.00,3.00,1.00,2.00,3.00,4.00,1.00,1.00,1.00,1.00,1.00,2.00,4.00,4.00,1.00,1.00,4.00,1.00,1.00,4.00,2.00,3.00,3.00,1.00,4.00,2.00,2.00,1.00,1.00,4.00,1.00,1.00,3.00,1.00,1.00,1.00,4.00,1.00,4.00,2.00,1.00,3.00,2.00,1.00
85,3.00,2.00,3.00,2.00,3.00,4.00,4.00,3.00,2.00,2.00,2.00,2.00,2.00,2.00,3.00,2.00,2.00,4.00,3.00,2.00,5.00,2.00,2.00,3.00,2.00,3.00,3.00,2.00,1.00,2.00,2.00,2.00,2.00,1.00,1.00,2.00,2.00,2.00,1.00,2.00,1.00,1.00,2.00,3.00,1.00,2.00,2.00,1.00
86,4.00,5.00,2.00,5.00,4.00,5.00,5.00,5.00,4.00,4.00,5.00,5.00,3.00,3.00,5.00,5.00,5.00,5.00,5.00,5.00,5.00,5.00,5.00,5.00,3.00,5.00,5.00,3.00,2.00,4.00,3.00,3.00,2.00,1.00,2.00,4.00,4.00,4.00,4.00,4.00,4.00,4.00,4.00,3.00,1.00,4.00,4.00,4.00
87,2.00,1.00,1.00,1.00,1.00,2.00,2.00,1.00,1.00,3.00,2.00,1.00,1.00,2.00,2.00,2.00,1.00,1.00,1.00,2.00,2.00,1.00,1.00,3.00,1.00,2.00,1.00,3.00,3.00,2.00,1.00,2.00,1.00,1.00,2.00,2.00,3.00,2.00,1.00,2.00,1.00,1.00,1.00,2.00,2.00,2.00,1.00,1.00
88,1.00,2.00,3.00,4.00,5.00,5.00,3.00,5.00,3.00,5.00,2.00,4.00,4.00,3.00,4.00,1.00,3.00,2.00,3.00,1.00,4.00,4.00,4.00,5.00,4.00,3.00,1.00,4.00,3.00,4.00,2.00,1.00,2.00,3.00,2.00,4.00,4.00,4.00,1.00,3.00,4.00,4.00,4.00,4.00,3.00,4.00,2.00,1.00
89,4.00,3.00,3.00,2.00,2.00,4.00,4.00,5.00,2.00,1.00,4.00,3.00,2.00,2.00,2.00,4.00,3.00,1.00,4.00,1.00,3.00,3.00,4.00,4.00,2.00,4.00,1.00,3.00,3.00,4.00,2.00,2.00,1.00,2.00,1.00,3.00,4.00,3.00,2.00,3.00,2.00,1.00,4.00,3.00,4.00,4.00,3.00,3.00
90,2.00,3.00,4.00,2.00,4.00,4.00,3.00,4.00,2.00,5.00,1.00,2.00,1.00,1.00,2.00,1.00,2.00,4.00,3.00,1.00,1.00,1.00,1.00,1.00,1.00,2.00,5.00,2.00,3.00,4.00,1.00,1.00,1.00,1.00,1.00,1.00,2.00,2.00,1.00,1.00,2.00,1.00,2.00,3.00,1.00,1.00,2.00,1.00
91,3.00,2.00,2.00,3.00,4.00,5.00,3.00,3.00,2.00,3.00,3.00,2.00,2.00,1.00,2.00,3.00,3.00,3.00,3.00,2.00,3.00,4.00,3.00,4.00,3.00,4.00,3.00,3.00,2.00,2.00,2.00,2.00,1.00,1.00,1.00,2.00,3.00,2.00,2.00,2.00,1.00,1.00,2.00,2.00,2.00,2.00,1.00,2.00
92,4.00,3.00,4.00,4.00,4.00,5.00,5.00,5.00,4.00,5.00,4.00,2.00,2.00,2.00,3.00,4.00,4.00,5.00,3.00,1.00,4.00,2.00,2.00,4.00,2.00,4.00,2.00,2.00,3.00,4.00,2.00,4.00,2.00,3.00,2.00,2.00,4.00,1.00,1.00,3.00,2.00,1.00,3.00,2.00,1.00,2.00,2.00,1.00
93,2.00,1.00,3.00,2.00,2.00,3.00,2.00,2.00,1.00,1.00,2.00,1.00,1.00,1.00,1.00,1.00,2.00,2.00,2.00,1.00,3.00,1.00,1.00,2.00,1.00,1.00,2.00,1.00,2.00,2.00,1.00,2.00,1.00,1.00,1.00,1.00,3.00,1.00,1.00,1.00,1.00,1.00,2.00,1.00,1.00,1.00,1.00,2.00
94,3.00,2.00,1.00,1.00,1.00,2.00,2.00,3.00,1.00,2.00,1.00,1.00,2.00,1.00,1.00,3.00,1.00,1.00,2.00,1.00,2.00,2.00,1.00,1.00,1.00,1.00,1.00,3.00,1.00,2.00,2.00,1.00,1.00,2.00,2.00,1.00,1.00,3.00,2.00,1.00,1.00,1.00,1.00,1.00,1.00,1.00,1.00,2.00
95,5.00,3.00,2.00,2.00,1.00,2.00,2.00,5.00,3.00,3.00,2.00,3.00,1.00,4.00,2.00,1.00,4.00,2.00,1.00,5.00,5.00,4.00,4.00,2.00,1.00,2.00,3.00,2.00,2.00,2.00,1.00,3.00,1.00,2.00,1.00,1.00,3.00,2.00,1.00,1.00,2.00,1.00,1.00,2.00,1.00,3.00,2.00,1.00
96,3.00,1.00,2.00,2.00,2.00,3.00,2.00,4.00,1.00,3.00,2.00,2.00,1.00,1.00,2.00,2.00,2.00,2.00,3.00,1.00,2.00,1.00,1.00,1.00,1.00,2.00,1.00,2.00,2.00,1.00,3.00,1.00,1.00,2.00,1.00,3.00,1.00,1.00,1.00,1.00,3.00,1.00,1.00,2.00,1.00,1.00,1.00,2.00
97,3.00,1.00,2.00,2.00,3.00,3.00,4.00,5.00,2.00,3.00,1.00,2.00,1.00,2.00,2.00,1.00,2.00,2.00,2.00,2.00,2.00,1.00,1.00,3.00,1.00,2.00,3.00,2.00,1.00,2.00,2.00,3.00,2.00,1.00,1.00,2.00,4.00,2.00,1.00,2.00,1.00,2.00,3.00,4.00,2.00,3.00,2.00,2.00
98,1.00,1.00,1.00,2.00,1.00,3.00,2.00,3.00,1.00,1.00,3.00,2.00,1.00,1.00,1.00,2.00,1.00,2.00,1.00,2.00,3.00,3.00,1.00,3.00,1.00,3.00,2.00,3.00,2.00,1.00,1.00,1.00,2.00,2.00,2.00,1.00,4.00,3.00,4.00,1.00,3.00,2.00,4.00,3.00,1.00,2.00,1.00,2.00
99,1.00,2.00,1.00,2.00,2.00,3.00,4.00,5.00,1.00,4.00,5.00,2.00,1.00,1.00,2.00,2.00,3.00,3.00,5.00,2.00,2.00,1.00,1.00,4.00,3.00,2.00,2.00,4.00,4.00,4.00,3.00,1.00,2.00,2.00,2.00,1.00,4.00,2.00,2.00,2.00,2.00,2.00,3.00,4.00,2.00,1.00,2.00,3.00
100,1.00,2.00,1.00,2.00,1.00,2.00,1.00,4.00,2.00,2.00,1.00,1.00,1.00,1.00,1.00,1.00,2.00,2.00,1.00,1.00,2.00,1.00,3.00,1.00,1.00,2.00,2.00,2.00,3.00,2.00,1.00,1.00,2.00,2.00,1.00,1.00,1.00,1.00,1.00,1.00,2.00,1.00,1.00,1.00,1.00,1.00,1.00,4.00
101,3.00,2.00,2.00,1.00,2.00,2.00,3.00,4.00,2.00,4.00,4.00,2.00,1.00,1.00,1.00,2.00,2.00,4.00,3.00,2.00,4.00,2.00,2.00,2.00,2.00,2.00,2.00,1.00,1.00,2.00,2.00,2.00,1.00,1.00,1.00,1.00,2.00,1.00,1.00,1.00,1.00,1.00,2.00,2.00,1.00,3.00,2.00,1.00
102,5.00,1.00,1.00,1.00,2.00,2.00,3.00,2.00,3.00,3.00,3.00,2.00,2.00,3.00,2.00,2.00,2.00,3.00,2.00,3.00,4.00,4.00,1.00,1.00,1.00,2.00,2.00,3.00,1.00,1.00,2.00,2.00,1.00,2.00,1.00,1.00,2.00,3.00,1.00,1.00,1.00,2.00,1.00,1.00,1.00,2.00,1.00,2.00
103,3.00,2.00,3.00,2.00,2.00,2.00,2.00,2.00,2.00,3.00,2.00,2.00,2.00,2.00,2.00,2.00,2.00,2.00,2.00,2.00,2.00,2.00,2.00,3.00,2.00,3.00,3.00,3.00,3.00,2.00,2.00,2.00,2.00,1.00,1.00,2.00,3.00,2.00,1.00,2.00,2.00,1.00,2.00,2.00,1.00,1.00,2.00,1.00
104,4.00,5.00,4.00,1.00,2.00,5.00,4.00,4.00,4.00,3.00,4.00,4.00,4.00,3.00,3.00,5.00,4.00,4.00,4.00,3.00,5.00,4.00,3.00,3.00,3.00,2.00,5.00,2.00,1.00,2.00,4.00,4.00,2.00,1.00,2.00,3.00,4.00,3.00,2.00,2.00,1.00,1.00,2.00,3.00,1.00,3.00,2.00,1.00
105,2.00,2.00,1.00,3.00,1.00,2.00,2.00,4.00,2.00,5.00,2.00,1.00,2.00,2.00,2.00,3.00,3.00,3.00,2.00,2.00,3.00,5.00,3.00,2.00,2.00,3.00,2.00,3.00,2.00,2.00,2.00,2.00,1.00,1.00,1.00,2.00,1.00,1.00,1.00,2.00,1.00,2.00,3.00,2.00,1.00,1.00,1.00,1.00
106,4.00,2.00,3.00,3.00,2.00,3.00,2.00,3.00,1.00,2.00,1.00,1.00,1.00,2.00,2.00,2.00,2.00,3.00,2.00,2.00,4.00,5.00,2.00,4.00,2.00,3.00,4.00,3.00,3.00,2.00,2.00,3.00,1.00,1.00,1.00,2.00,3.00,4.00,3.00,2.00,1.00,3.00,2.00,2.00,1.00,2.00,1.00,1.00
107,4.00,1.00,1.00,1.00,2.00,3.00,2.00,4.00,1.00,1.00,3.00,1.00,3.00,2.00,1.00,1.00,1.00,1.00,1.00,1.00,1.00,1.00,1.00,1.00,1.00,1.00,1.00,1.00,1.00,3.00,2.00,1.00,1.00,2.00,1.00,3.00,2.00,4.00,1.00,2.00,1.00,1.00,2.00,2.00,1.00,2.00,1.00,1.00
108,2.00,2.00,1.00,3.00,2.00,2.00,1.00,2.00,1.00,1.00,1.00,1.00,1.00,1.00,2.00,1.00,1.00,4.00,1.00,1.00,3.00,1.00,2.00,2.00,1.00,1.00,1.00,3.00,1.00,1.00,2.00,2.00,1.00,1.00,1.00,2.00,2.00,2.00,2.00,2.00,1.00,1.00,2.00,2.00,1.00,1.00,1.00,2.00
109,4.00,3.00,5.00,5.00,3.00,4.00,4.00,4.00,4.00,5.00,5.00,3.00,4.00,2.00,3.00,5.00,3.00,4.00,2.00,2.00,3.00,2.00,3.00,4.00,3.00,4.00,3.00,4.00,2.00,3.00,4.00,4.00,2.00,2.00,2.00,4.00,4.00,4.00,3.00,4.00,2.00,3.00,4.00,4.00,4.00,4.00,2.00,4.00
110,4.00,4.00,4.00,3.00,1.00,4.00,3.00,4.00,3.00,2.00,3.00,3.00,4.00,3.00,3.00,4.00,3.00,4.00,3.00,2.00,3.00,3.00,1.00,2.00,3.00,3.00,4.00,2.00,3.00,4.00,4.00,4.00,2.00,2.00,2.00,4.00,4.00,3.00,1.00,4.00,1.00,2.00,4.00,4.00,1.00,4.00,2.00,1.00
111,2.00,2.00,2.00,2.00,2.00,2.00,3.00,2.00,3.00,2.00,2.00,1.00,2.00,1.00,1.00,2.00,1.00,2.00,1.00,1.00,3.00,2.00,2.00,2.00,1.00,2.00,2.00,3.00,2.00,2.00,2.00,1.00,2.00,2.00,2.00,2.00,1.00,2.00,3.00,1.00,2.00,2.00,2.00,3.00,3.00,2.00,1.00,1.00
112,3.00,2.00,1.00,1.00,2.00,3.00,4.00,2.00,3.00,5.00,2.00,2.00,2.00,1.00,2.00,4.00,2.00,2.00,3.00,2.00,4.00,1.00,1.00,2.00,2.00,1.00,3.00,2.00,2.00,3.00,3.00,4.00,1.00,1.00,1.00,2.00,2.00,2.00,1.00,2.00,1.00,1.00,2.00,3.00,1.00,3.00,1.00,1.00
113,5.00,5.00,1.00,1.00,3.00,2.00,2.00,4.00,3.00,4.00,5.00,2.00,1.00,2.00,2.00,1.00,2.00,3.00,2.00,2.00,4.00,3.00,1.00,2.00,2.00,3.00,3.00,2.00,2.00,2.00,1.00,2.00,1.00,1.00,1.00,2.00,2.00,1.00,1.00,2.00,1.00,1.00,3.00,1.00,1.00,2.00,1.00,1.00
114,2.00,1.00,2.00,1.00,1.00,2.00,1.00,3.00,2.00,2.00,3.00,2.00,2.00,2.00,3.00,1.00,2.00,1.00,3.00,2.00,3.00,3.00,1.00,1.00,2.00,4.00,2.00,2.00,1.00,3.00,3.00,4.00,1.00,1.00,1.00,3.00,4.00,2.00,1.00,2.00,1.00,1.00,3.00,2.00,1.00,4.00,2.00,1.00
115,3.00,1.00,1.00,1.00,2.00,2.00,3.00,3.00,2.00,4.00,3.00,1.00,1.00,2.00,2.00,3.00,1.00,3.00,3.00,2.00,3.00,2.00,1.00,1.00,2.00,2.00,2.00,1.00,2.00,2.00,2.00,1.00,1.00,2.00,1.00,2.00,2.00,3.00,2.00,2.00,2.00,2.00,1.00,3.00,1.00,2.00,2.00,1.00
116,1.00,3.00,1.00,4.00,3.00,4.00,5.00,2.00,2.00,2.00,3.00,1.00,1.00,2.00,2.00,4.00,3.00,5.00,2.00,1.00,4.00,1.00,5.00,5.00,2.00,3.00,4.00,3.00,3.00,2.00,1.00,1.00,1.00,2.00,2.00,1.00,3.00,1.00,1.00,1.00,1.00,2.00,1.00,2.00,1.00,3.00,1.00,1.00
117,2.00,1.00,2.00,1.00,3.00,2.00,2.00,3.00,1.00,2.00,2.00,2.00,2.00,2.00,2.00,2.00,2.00,2.00,1.00,2.00,3.00,1.00,1.00,3.00,1.00,3.00,2.00,3.00,3.00,3.00,2.00,2.00,2.00,2.00,2.00,3.00,3.00,2.00,3.00,2.00,2.00,2.00,4.00,3.00,2.00,2.00,2.00,1.00
118,2.00,3.00,1.00,1.00,1.00,3.00,2.00,3.00,2.00,2.00,3.00,1.00,1.00,2.00,2.00,1.00,1.00,4.00,3.00,1.00,1.00,1.00,1.00,3.00,3.00,1.00,3.00,3.00,1.00,2.00,1.00,1.00,2.00,2.00,1.00,1.00,2.00,3.00,1.00,1.00,2.00,1.00,1.00,3.00,1.00,2.00,1.00,2.00
119,5.00,3.00,4.00,2.00,2.00,3.00,3.00,3.00,4.00,1.00,2.00,1.00,1.00,1.00,3.00,1.00,2.00,2.00,1.00,2.00,2.00,1.00,1.00,1.00,2.00,3.00,3.00,2.00,2.00,2.00,2.00,3.00,1.00,4.00,2.00,1.00,3.00,4.00,1.00,2.00,2.00,2.00,2.00,3.00,1.00,2.00,1.00,1.00
120,2.00,1.00,1.00,2.00,2.00,2.00,3.00,4.00,1.00,3.00,4.00,2.00,1.00,1.00,2.00,5.00,2.00,4.00,1.00,1.00,2.00,1.00,3.00,2.00,2.00,4.00,4.00,2.00,2.00,2.00,3.00,2.00,1.00,1.00,1.00,2.00,2.00,2.00,2.00,1.00,1.00,3.00,3.00,2.00,1.00,2.00,1.00,2.00
121,1.00,1.00,1.00,1.00,1.00,2.00,2.00,2.00,1.00,2.00,1.00,1.00,1.00,2.00,3.00,1.00,1.00,1.00,2.00,2.00,5.00,1.00,1.00,2.00,1.00,1.00,1.00,1.00,2.00,1.00,1.00,1.00,1.00,1.00,1.00,1.00,1.00,1.00,1.00,1.00,1.00,1.00,1.00,1.00,1.00,1.00,1.00,1.00
122,3.00,2.00,1.00,2.00,2.00,3.00,1.00,3.00,2.00,2.00,1.00,2.00,2.00,2.00,3.00,4.00,2.00,2.00,2.00,1.00,2.00,3.00,3.00,3.00,2.00,1.00,2.00,2.00,1.00,2.00,2.00,1.00,1.00,2.00,2.00,2.00,3.00,3.00,1.00,2.00,1.00,1.00,3.00,1.00,2.00,2.00,2.00,1.00
123,1.00,1.00,3.00,1.00,1.00,2.00,1.00,2.00,1.00,2.00,1.00,1.00,1.00,1.00,1.00,1.00,1.00,1.00,2.00,1.00,2.00,1.00,1.00,1.00,1.00,2.00,3.00,2.00,2.00,1.00,1.00,1.00,1.00,2.00,1.00,1.00,2.00,2.00,1.00,1.00,2.00,1.00,2.00,1.00,1.00,1.00,1.00,1.00
124,4.00,1.00,2.00,3.00,4.00,4.00,4.00,4.00,2.00,4.00,4.00,1.00,2.00,3.00,2.00,2.00,3.00,4.00,4.00,2.00,5.00,4.00,4.00,4.00,2.00,3.00,4.00,2.00,2.00,4.00,3.00,1.00,1.00,2.00,1.00,3.00,4.00,3.00,1.00,4.00,2.00,2.00,2.00,3.00,1.00,3.00,2.00,1.00
125,4.00,2.00,3.00,2.00,2.00,2.00,3.00,3.00,2.00,3.00,1.00,3.00,2.00,2.00,2.00,5.00,3.00,4.00,2.00,4.00,3.00,4.00,4.00,3.00,3.00,3.00,4.00,3.00,2.00,2.00,3.00,2.00,1.00,2.00,2.00,2.00,3.00,3.00,2.00,1.00,3.00,2.00,2.00,3.00,3.00,3.00,2.00,2.00
126,4.00,3.00,3.00,4.00,4.00,5.00,5.00,5.00,4.00,3.00,2.00,4.00,3.00,1.00,4.00,3.00,5.00,4.00,3.00,5.00,2.00,5.00,3.00,3.00,5.00,4.00,3.00,3.00,1.00,3.00,4.00,3.00,3.00,3.00,3.00,2.00,4.00,4.00,3.00,3.00,1.00,2.00,2.00,4.00,3.00,4.00,2.00,1.00
127,2.00,2.00,1.00,1.00,3.00,2.00,2.00,2.00,1.00,2.00,2.00,2.00,2.00,2.00,2.00,1.00,1.00,1.00,2.00,1.00,3.00,1.00,1.00,4.00,1.00,2.00,2.00,1.00,2.00,1.00,2.00,1.00,1.00,1.00,1.00,1.00,2.00,2.00,1.00,2.00,1.00,1.00,2.00,3.00,1.00,2.00,1.00,2.00
128,3.00,1.00,1.00,1.00,1.00,3.00,1.00,2.00,1.00,2.00,2.00,1.00,1.00,1.00,2.00,1.00,1.00,2.00,2.00,1.00,2.00,1.00,1.00,1.00,1.00,1.00,1.00,1.00,1.00,1.00,2.00,2.00,1.00,1.00,1.00,2.00,3.00,1.00,1.00,2.00,1.00,1.00,2.00,2.00,1.00,2.00,2.00,2.00
129,2.00,2.00,2.00,2.00,2.00,3.00,3.00,2.00,2.00,5.00,4.00,3.00,2.00,3.00,2.00,2.00,2.00,2.00,4.00,3.00,3.00,2.00,2.00,4.00,3.00,4.00,3.00,2.00,3.00,3.00,3.00,2.00,1.00,2.00,2.00,4.00,3.00,1.00,2.00,3.00,1.00,1.00,4.00,2.00,2.00,2.00,2.00,1.00
130,1.00,1.00,2.00,2.00,3.00,2.00,2.00,3.00,2.00,1.00,1.00,1.00,1.00,1.00,1.00,2.00,1.00,5.00,2.00,2.00,2.00,2.00,1.00,1.00,2.00,3.00,3.00,3.00,1.00,4.00,2.00,1.00,1.00,1.00,1.00,2.00,3.00,3.00,1.00,1.00,1.00,1.00,2.00,1.00,1.00,1.00,1.00,1.00
131,3.00,3.00,3.00,1.00,2.00,2.00,3.00,3.00,1.00,3.00,3.00,2.00,2.00,2.00,3.00,1.00,2.00,3.00,3.00,1.00,4.00,2.00,1.00,2.00,3.00,3.00,3.00,1.00,2.00,1.00,1.00,2.00,1.00,1.00,1.00,1.00,2.00,2.00,2.00,1.00,2.00,3.00,1.00,1.00,1.00,2.00,1.00,2.00
132,2.00,2.00,4.00,4.00,5.00,3.00,4.00,5.00,3.00,3.00,3.00,2.00,3.00,3.00,3.00,4.00,4.00,4.00,4.00,3.00,3.00,4.00,5.00,2.00,3.00,3.00,4.00,1.00,1.00,4.00,3.00,3.00,1.00,3.00,2.00,4.00,4.00,1.00,2.00,2.00,1.00,2.00,2.00,2.00,2.00,3.00,2.00,1.00
133,4.00,3.00,1.00,1.00,1.00,4.00,1.00,5.00,3.00,2.00,3.00,1.00,2.00,1.00,1.00,4.00,1.00,3.00,1.00,1.00,5.00,1.00,1.00,1.00,2.00,1.00,3.00,4.00,2.00,3.00,1.00,2.00,1.00,1.00,1.00,1.00,3.00,1.00,1.00,3.00,1.00,1.00,1.00,2.00,1.00,1.00,1.00,1.00
134,4.00,3.00,5.00,4.00,5.00,5.00,3.00,5.00,5.00,5.00,5.00,4.00,4.00,5.00,5.00,5.00,4.00,3.00,3.00,3.00,3.00,5.00,5.00,3.00,5.00,5.00,5.00,2.00,1.00,3.00,4.00,4.00,1.00,3.00,3.00,4.00,4.00,2.00,2.00,3.00,1.00,2.00,3.00,3.00,1.00,2.00,2.00,2.00
135,3.00,2.00,2.00,3.00,4.00,1.00,2.00,4.00,2.00,5.00,3.00,1.00,2.00,3.00,2.00,1.00,2.00,4.00,3.00,2.00,4.00,2.00,1.00,1.00,2.00,3.00,5.00,2.00,2.00,1.00,1.00,2.00,1.00,1.00,1.00,1.00,3.00,2.00,2.00,1.00,2.00,2.00,1.00,2.00,2.00,2.00,2.00,1.00
136,3.00,1.00,4.00,1.00,5.00,5.00,5.00,4.00,4.00,4.00,4.00,2.00,2.00,2.00,3.00,5.00,5.00,5.00,5.00,4.00,4.00,3.00,1.00,3.00,3.00,4.00,4.00,2.00,3.00,3.00,4.00,4.00,1.00,2.00,2.00,3.00,4.00,2.00,2.00,2.00,3.00,4.00,2.00,4.00,2.00,2.00,1.00,1.00
137,4.00,2.00,3.00,2.00,3.00,4.00,3.00,3.00,4.00,2.00,3.00,2.00,2.00,2.00,3.00,5.00,3.00,2.00,2.00,2.00,2.00,3.00,2.00,4.00,2.00,3.00,3.00,2.00,2.00,3.00,2.00,1.00,2.00,3.00,2.00,3.00,2.00,2.00,3.00,2.00,1.00,2.00,2.00,3.00,2.00,2.00,3.00,3.00
138,3.00,1.00,1.00,1.00,1.00,2.00,1.00,2.00,1.00,3.00,2.00,1.00,1.00,1.00,1.00,1.00,1.00,2.00,1.00,1.00,2.00,2.00,1.00,1.00,1.00,2.00,1.00,2.00,1.00,1.00,2.00,1.00,2.00,2.00,2.00,1.00,2.00,4.00,1.00,1.00,1.00,2.00,1.00,3.00,1.00,2.00,1.00,1.00
139,2.00,1.00,2.00,4.00,4.00,2.00,4.00,4.00,3.00,3.00,2.00,3.00,3.00,2.00,3.00,3.00,4.00,3.00,3.00,2.00,4.00,4.00,2.00,3.00,2.00,4.00,3.00,3.00,2.00,4.00,2.00,1.00,1.00,2.00,1.00,1.00,3.00,2.00,1.00,3.00,3.00,1.00,2.00,3.00,2.00,3.00,1.00,1.00
140,3.00,2.00,1.00,1.00,2.00,2.00,2.00,3.00,2.00,3.00,1.00,2.00,1.00,1.00,2.00,4.00,3.00,3.00,3.00,1.00,1.00,3.00,1.00,2.00,1.00,1.00,2.00,4.00,3.00,2.00,2.00,1.00,4.00,3.00,3.00,3.00,4.00,1.00,2.00,1.00,2.00,2.00,4.00,4.00,2.00,2.00,4.00,4.00
141,4.00,3.00,4.00,2.00,4.00,5.00,4.00,5.00,3.00,5.00,5.00,4.00,3.00,4.00,5.00,5.00,4.00,5.00,4.00,4.00,4.00,3.00,5.00,4.00,4.00,4.00,4.00,3.00,2.00,1.00,3.00,3.00,1.00,2.00,1.00,1.00,2.00,3.00,2.00,3.00,2.00,2.00,3.00,4.00,2.00,4.00,2.00,2.00
142,3.00,1.00,1.00,3.00,1.00,3.00,2.00,3.00,2.00,3.00,2.00,2.00,2.00,2.00,1.00,2.00,2.00,2.00,4.00,2.00,3.00,2.00,3.00,3.00,2.00,2.00,2.00,2.00,2.00,2.00,2.00,1.00,1.00,2.00,2.00,1.00,3.00,3.00,1.00,2.00,1.00,2.00,2.00,3.00,2.00,2.00,2.00,2.00
143,3.00,3.00,1.00,2.00,1.00,1.00,2.00,2.00,1.00,1.00,5.00,1.00,1.00,1.00,1.00,2.00,2.00,1.00,2.00,1.00,1.00,1.00,3.00,4.00,4.00,1.00,1.00,2.00,3.00,2.00,2.00,4.00,1.00,1.00,2.00,2.00,3.00,3.00,1.00,2.00,3.00,1.00,1.00,4.00,2.00,3.00,1.00,1.00
144,3.00,5.00,4.00,5.00,2.00,4.00,4.00,3.00,3.00,4.00,4.00,3.00,4.00,4.00,4.00,5.00,4.00,4.00,3.00,3.00,5.00,1.00,5.00,3.00,4.00,3.00,4.00,2.00,3.00,3.00,2.00,4.00,2.00,3.00,2.00,2.00,2.00,3.00,3.00,3.00,2.00,2.00,2.00,3.00,2.00,4.00,2.00,2.00